Unnamed: 0,acousticness,danceability,duration_ms,energy,instrumentalness,key,liveness,loudness,mode,speechiness,tempo,time_signature,valence,target,song_title,artist,Cluster,Mood
0,0.0102,0.833,204600,0.434,0.0219,2,0.165,-8.795,1,0.431,150.062,4.0,0.286,1,Mask Off,Future,4,Happy
2,0.0344,0.838,185707,0.412,0.000234,2,0.159,-7.148,1,0.289,75.044,4.0,0.173,1,Xanny Family,Future,4,Happy
5,0.00479,0.804,251333,0.56,0.0,8,0.164,-6.682,1,0.185,85.023,4.0,0.264,1,Sneakin’,Drake,4,Happy
6,0.0145,0.739,241400,0.472,7.27e-06,1,0.207,-11.204,1,0.156,80.03,4.0,0.308,1,Childs Play,Drake,4,Happy
11,0.0915,0.753,324880,0.748,0.00348,10,0.212,-8.62,1,0.0494,104.322,4.0,0.642,1,Donme Dolap - Baris K Edit,Modern Folk Üçlüsü,4,Happy
17,0.233,0.789,447907,0.659,0.00049,4,0.184,-12.654,0,0.0429,122.415,4.0,0.842,1,One Nation Under a Groove,Funkadelic,4,Happy
18,0.314,0.713,195429,0.611,0.0,1,0.117,-6.702,0,0.241,140.061,4.0,0.783,1,Bouncin,Chief Keef,4,Happy
19,0.0242,0.735,214347,0.759,0.185,1,0.0966,-6.914,0,0.0449,109.982,4.0,0.763,1,C O O L - Radio Edit,Le Youth,4,Happy
25,0.00219,0.781,205160,0.795,0.269,7,0.0673,-6.758,1,0.036,109.977,4.0,0.795,1,This Ready Flesh,TR/ST,4,Happy
31,0.0219,0.897,285240,0.642,1.31e-06,2,0.159,-8.828,1,0.0534,127.984,4.0,0.27,1,Blasé (feat. Future & Rae Sremmurd),Ty Dolla $ign,4,Happy
34,0.118,0.805,232880,0.687,0.0,9,0.0842,-7.771,1,0.0458,119.999,4.0,0.683,1,Who Be Lovin Me (feat. ILOVEMAKONNEN),Santigold,4,Happy
37,0.0565,0.853,205879,0.547,0.0,1,0.341,-7.535,1,0.194,142.065,4.0,0.677,1,Jumpman,Drake,4,Happy
39,0.135,0.777,237187,0.591,5.5e-05,1,0.126,-7.431,0,0.0327,124.111,4.0,0.848,1,Somebody's Watching Me,Rockwell,4,Happy
46,0.00182,0.7,386160,0.756,0.711,2,0.0575,-10.714,1,0.0575,114.28,4.0,0.947,1,Fantastic Man,William Onyeabor,4,Happy
47,0.0923,0.789,175240,0.494,0.000408,1,0.144,-13.702,1,0.0456,104.593,4.0,0.832,1,Right Place Wrong Time,Dr. John,4,Happy
48,0.375,0.796,252547,0.86,0.00457,5,0.0745,-6.202,0,0.0653,129.008,3.0,0.973,1,Azon de ma gnin kpevi,T. P. Orchestre Poly-Rythmo,4,Happy
49,0.183,0.716,576888,0.957,0.058,3,0.182,-4.814,1,0.0689,106.714,4.0,0.93,1,Odofo Nyi Akyiri Biara,Ebo Taylor,4,Happy
50,0.0185,0.74,241341,0.846,0.0624,2,0.254,-6.039,1,0.0808,95.995,4.0,0.852,1,Annie,Neon Indian,4,Happy
58,0.0174,0.754,113373,0.442,9.4e-05,5,0.0622,-8.873,0,0.127,148.04,4.0,0.599,1,Dopeman,Vince Staples,4,Happy
61,0.257,0.559,225347,0.656,0.000171,9,0.2,-8.699,0,0.0469,79.638,4.0,0.671,1,Ain't No Love In The Heart Of The City - Single Version,"Bobby ""Blue"" Bland",4,Happy
63,0.273,0.793,232251,0.7,0.0,0,0.174,-6.641,0,0.0572,140.058,4.0,0.887,1,Evil Friends (feat. Danny Brown) - Jake One Remix,Portugal. The Man,4,Happy
64,0.374,0.549,223720,0.715,3.5e-06,1,0.17,-11.164,1,0.0633,82.118,4.0,0.785,1,Ikimiz Bir Fidaniz - Baris K Edit,Umit Aksu Orkestrasi,4,Happy
67,0.00781,0.879,213786,0.512,1.45e-05,0,0.134,-7.83,1,0.0775,127.95,4.0,0.277,1,Look At Wrist,Father,4,Happy
70,0.0132,0.807,330920,0.778,0.666,0,0.109,-5.485,1,0.0399,120.001,4.0,0.797,1,They Don't Know - Original Mix,Disciples,4,Happy
72,0.518,0.683,155133,0.708,2.08e-05,4,0.175,-6.852,0,0.0289,106.446,4.0,0.967,1,Spooky,Dusty Springfield,4,Happy
73,0.0548,0.768,239908,0.853,0.13,10,0.0188,-5.915,0,0.0427,107.234,4.0,0.887,1,Pick Up The Pieces,Average White Band,4,Happy
80,0.555,0.791,187210,0.58,0.00155,8,0.116,-8.377,1,0.0588,81.678,4.0,0.733,1,Them Changes (feat. Flying Lotus & Kamasi Washington),Thundercat,4,Happy
85,0.0192,0.619,275533,0.734,0.263,5,0.0771,-9.366,0,0.0343,106.034,4.0,0.853,1,I'm In Love,Fool's Gold,4,Happy
86,0.00776,0.898,429897,0.5,0.292,1,0.0771,-11.089,1,0.0571,122.281,4.0,0.868,1,I Need You Tonight,Punkin Machine,4,Happy
89,0.0397,0.786,302840,0.547,0.272,1,0.0378,-11.416,1,0.262,92.603,4.0,0.68,1,Sugah Daddy,D'Angelo,4,Happy
91,0.0454,0.812,268421,0.676,0.0,1,0.0929,-4.502,1,0.0491,114.047,4.0,0.399,1,Swerve,ILoveMakonnen,4,Happy
92,0.00672,0.876,213246,0.606,1.06e-05,0,0.14,-5.471,1,0.0645,127.975,4.0,0.249,1,Look At Wrist,Father,4,Happy
96,0.0604,0.799,333520,0.789,0.0,0,0.0338,-8.208,1,0.0396,116.081,4.0,0.833,1,The Magnificent Seven - Remastered,The Clash,4,Happy
109,0.487,0.559,111270,0.633,0.0,7,0.164,-3.265,1,0.0329,72.496,4.0,0.842,1,He's So Fine - 2000 Digital Remaster,The Chiffons,4,Happy
111,0.403,0.683,142333,0.71,0.0,9,0.086,-7.445,1,0.114,128.181,4.0,0.93,1,It's My Party,Lesley Gore,4,Happy
112,0.656,0.78,149440,0.599,0.0,2,0.129,-10.251,1,0.0329,121.198,4.0,0.967,1,Please Mr. Postman,The Marvelettes,4,Happy
114,0.141,0.661,196615,0.531,0.0,7,0.136,-10.113,0,0.548,93.287,5.0,0.657,1,Queen's Speech 4,Lady Leshurr,4,Happy
117,0.00257,0.896,267024,0.623,0.000258,2,0.039,-8.008,1,0.0571,134.962,4.0,0.564,1,Hotline Bling,Drake,4,Happy
120,0.013,0.888,200080,0.483,4.85e-06,6,0.0926,-7.797,1,0.154,125.008,4.0,0.221,1,No Type,Rae Sremmurd,4,Happy
126,0.107,0.645,591707,0.924,0.0266,10,0.0982,-7.697,0,0.0569,90.852,4.0,0.886,1,Water No Get Enemy - Edit,Fela Kuti,4,Happy
128,0.0219,0.735,269817,0.641,0.89,7,0.168,-6.177,0,0.0284,105.993,4.0,0.886,1,Hercules Theme,Hercules & Love Affair,4,Happy
131,0.0224,0.634,221960,0.609,0.0,6,0.099,-8.982,1,0.172,83.021,4.0,0.659,1,Kush,Lil Wayne,4,Happy
133,0.0668,0.704,199246,0.647,1.93e-06,10,0.101,-7.874,0,0.171,92.002,4.0,0.694,1,Magnets,Disclosure,4,Happy
138,0.00919,0.944,261973,0.839,0.0,11,0.0921,-4.141,1,0.108,136.019,4.0,0.891,1,Sippin On Some Syrup,Three 6 Mafia,4,Happy
142,0.0512,0.851,224653,0.387,0.0,0,0.0996,-13.584,1,0.334,116.629,4.0,0.365,1,Smell Yo D*ck,Riskay,4,Happy
144,0.221,0.767,194066,0.891,0.0723,4,0.0935,-6.426,1,0.0402,122.026,4.0,0.779,1,Endless Rhythm,Baio,4,Happy
149,0.334,0.726,221787,0.583,0.00135,0,0.122,-6.434,0,0.23,140.943,4.0,0.48,1,The Buzz (feat. Mataya & Young Tapz),Hermitude,4,Happy
157,0.0734,0.791,219333,0.779,0.0,7,0.0832,-5.972,1,0.235,110.037,4.0,0.581,1,Alright,Kendrick Lamar,4,Happy
163,0.149,0.785,262979,0.764,0.813,4,0.201,-5.245,0,0.04,93.984,4.0,0.961,1,Next to You,Poolside,4,Happy
166,0.000259,0.644,237120,0.758,0.0708,5,0.0726,-7.859,1,0.0458,108.99,4.0,0.752,1,Dark Matter,Feathers,4,Happy
168,0.0472,0.849,217693,0.408,0.0,6,0.101,-8.67,0,0.284,99.876,4.0,0.337,1,Wu-Tang Forever,Drake,4,Happy
177,0.108,0.804,336160,0.708,0.0636,10,0.0528,-5.099,0,0.0394,141.996,4.0,0.966,1,Sexy Socialite,Chromeo,4,Happy
178,0.0108,0.787,273853,0.658,0.0152,8,0.13,-5.379,0,0.0324,110.983,4.0,0.867,1,Okay,Holy Ghost!,4,Happy
181,0.0315,0.628,308527,0.824,0.543,0,0.0999,-7.983,1,0.112,122.01,4.0,0.86,1,When A Fire Starts To Burn - Midland Remix,Disclosure,4,Happy
201,0.0855,0.737,332453,0.545,9.32e-05,6,0.153,-8.536,0,0.362,140.086,4.0,0.438,1,Mercy,Kanye West,4,Happy
202,0.0293,0.769,214333,0.712,2.12e-06,8,0.103,-4.692,0,0.029,120.975,4.0,0.948,1,Don't You Evah,Spoon,4,Happy
204,0.000467,0.817,213059,0.588,1.51e-06,7,0.0911,-6.603,1,0.0399,119.934,4.0,0.448,1,Le Goudron (Edit),YACHT,4,Happy
210,0.827,0.583,248213,0.776,3.81e-05,3,0.298,-5.293,1,0.0661,126.536,4.0,0.782,1,Bang! Bang!,Joe Cuba,4,Happy
211,0.0628,0.727,289267,0.548,0.526,10,0.133,-7.393,1,0.0291,107.826,4.0,0.93,1,Every 1's A Winner - Single Version,Hot Chocolate,4,Happy
216,0.105,0.901,212712,0.744,7.79e-06,0,0.0964,-3.484,1,0.283,135.95,4.0,0.606,1,Hannah Montana,Migos,4,Happy
224,0.0862,0.731,178987,0.75,0.000388,2,0.202,-10.457,1,0.0321,135.406,4.0,0.648,1,I Would Die 4 U,Prince,4,Happy
228,0.000686,0.745,384907,0.857,0.2,0,0.022,-5.754,1,0.0393,115.945,4.0,0.946,1,Flying High (Part 1),Cloud One,4,Happy
230,0.377,0.818,242067,0.528,0.0,2,0.131,-10.666,0,0.0716,120.368,4.0,0.895,1,Spill The Wine,Eric Burdon,4,Happy
232,0.0913,0.614,286315,0.857,0.0,2,0.069,-8.85,0,0.0859,85.125,4.0,0.944,1,Never Gonna Give You Up,Barry White,4,Happy
235,0.011,0.757,280427,0.578,0.00672,0,0.127,-3.886,1,0.0386,102.96,4.0,0.952,1,Dangerous (feat. Joywave),Big Data,4,Happy
238,0.538,0.879,313493,0.495,0.000333,7,0.0827,-10.584,0,0.0765,102.652,4.0,0.797,1,Estrelar,Marcos Valle,4,Happy
241,0.245,0.623,227907,0.65,0.000913,10,0.146,-7.953,1,0.0274,116.74,4.0,0.884,1,San Francisco,Foxygen,4,Happy
247,0.0957,0.747,202349,0.722,0.000519,8,0.208,-7.33,1,0.0349,100.215,4.0,0.56,1,Glad I Met You,D. Gookin,4,Happy
252,0.275,0.756,206378,0.44,0.0,1,0.101,-9.973,0,0.179,112.14,4.0,0.307,1,Sitting Pretty (feat. Wiz Khalifa),Ty Dolla $ign,4,Happy
253,0.212,0.723,322050,0.687,5.83e-05,11,0.137,-7.019,0,0.0373,95.237,4.0,0.867,1,"Glyde 2nyte (feat. Leon Sylvers III, Leon Sylvers IV)",Dâm-Funk,4,Happy
257,0.539,0.689,171560,0.83,0.0,8,0.0882,-8.774,1,0.0954,140.732,4.0,0.822,1,Can You Get To That,Funkadelic,4,Happy
265,0.124,0.875,347667,0.532,0.0123,10,0.314,-13.265,0,0.0686,116.556,4.0,0.704,1,Cool It Now,New Edition,4,Happy
268,0.455,0.847,191541,0.654,0.0622,5,0.0674,-6.443,0,0.113,119.998,4.0,0.624,1,You Know You Like It - Bondax Remix,AlunaGeorge,4,Happy
269,0.015,0.836,229715,0.537,0.00103,4,0.0805,-9.854,0,0.261,160.188,4.0,0.43,1,Batuque (Jeremy Sole & Atropolis Remix),Dom La Nena,4,Happy
276,0.29,0.857,222573,0.484,3.04e-06,10,0.112,-6.232,0,0.148,107.434,4.0,0.729,1,Last Chance to Dance,Ekkah,4,Happy
280,0.00978,0.706,362413,0.643,0.00955,2,0.103,-9.357,0,0.0859,160.026,4.0,0.808,1,Rhythm of Devotion,Sisyphus,4,Happy
281,0.0621,0.736,190440,0.539,0.0312,1,0.12,-8.316,1,0.0936,147.73,4.0,0.761,1,Zion Gate Dub,King Tubby,4,Happy
282,0.081,0.651,253587,0.77,6.54e-05,0,0.114,-8.08,0,0.0274,112.923,4.0,0.738,1,Enjoy The Silence - Remastered Version Original,Depeche Mode,4,Happy
287,0.516,0.525,216520,0.797,5e-06,1,0.152,-11.168,0,0.0656,100.518,4.0,0.769,1,I Want You - Single Version,Marvin Gaye,4,Happy
289,0.504,0.719,181459,0.697,0.0,2,0.295,-5.647,1,0.31,117.123,4.0,0.668,1,Suede (feat. Anderson Paak & Knxwledge),NxWorries,4,Happy
290,0.825,0.722,196507,0.605,0.0178,5,0.248,-6.07,1,0.153,165.998,4.0,0.69,1,Bam Bam,Sister Nancy,4,Happy
302,0.19,0.703,228040,0.412,5.26e-06,6,0.221,-9.827,0,0.0288,152.219,4.0,0.815,1,Johnny Was,Bob Marley & The Wailers,4,Happy
303,0.407,0.688,192040,0.488,0.0,11,0.43,-14.195,0,0.357,69.77,4.0,0.708,1,Monster Mash,"Bobby ""Boris"" Pickett",4,Happy
308,0.0259,0.69,225533,0.548,0.00243,10,0.106,-9.587,0,0.352,121.509,4.0,0.693,1,Love Buzz,Shocking Blue,4,Happy
311,0.0803,0.664,472013,0.727,0.000253,0,0.38,-8.738,1,0.263,77.92,4.0,0.527,1,Disco Devil,"Lee ""Scratch"" Perry",4,Happy
319,0.106,0.912,194040,0.317,0.000208,6,0.0723,-12.719,0,0.0378,99.346,4.0,0.949,1,Who Is He (And What Is He to You?),Bill Withers,4,Happy
323,0.0602,0.803,446307,0.579,0.000627,10,0.226,-11.156,0,0.059,108.567,4.0,0.726,1,"I'll Be Good - 12"" Mix",Rene & Angela,4,Happy
324,0.219,0.698,223191,0.515,0.0,4,0.124,-13.029,1,0.0605,85.023,4.0,0.712,1,Here I Come (Broader Than Broadway),Barrington Levy,4,Happy
330,0.0286,0.76,479547,0.391,0.00691,1,0.0582,-8.73,1,0.0353,116.873,4.0,0.965,1,Atomic Bomb,William Onyeabor,4,Happy
332,0.0445,0.808,237853,0.687,0.3,9,0.0933,-8.668,1,0.0397,109.953,4.0,0.458,1,Swingin' Party,Kindness,4,Happy
334,0.0111,0.846,233387,0.501,0.00257,11,0.0883,-6.076,1,0.0334,118.001,4.0,0.825,1,Pieces,Tanlines,4,Happy
337,0.0115,0.82,349720,0.616,0.445,4,0.082,-8.427,0,0.0361,127.86,4.0,0.972,1,Let's Lovedance Tonight - Danny Krivit Re-edit - Dk Re-Edit,Gary's Gang,4,Happy
344,0.602,0.637,156430,0.498,0.119,1,0.305,-9.367,1,0.0231,92.227,4.0,0.931,1,The Way You’d Love Her,Mac Demarco,4,Happy
349,0.157,0.599,218342,0.524,0.0,1,0.238,-8.036,1,0.13,83.013,4.0,0.44,1,Unbreakable,Janet Jackson,4,Happy
350,0.371,0.837,245581,0.492,0.0401,0,0.102,-7.792,1,0.354,85.951,4.0,0.407,1,It's Strange (feat. K.Flay),Louis The Child,4,Happy
357,0.128,0.889,272720,0.597,0.0004,9,0.0924,-7.301,0,0.374,119.999,4.0,0.261,1,Choices (Yup),E-40,4,Happy
363,0.16,0.746,179091,0.682,0.0,7,0.177,-6.353,1,0.117,98.977,4.0,0.836,1,Sick Beat,Kero Kero Bonito,4,Happy
366,0.445,0.915,183159,0.54,3.63e-05,7,0.11,-6.578,1,0.0661,100.039,4.0,0.113,1,Norf Norf,Vince Staples,4,Happy
367,0.304,0.75,229588,0.835,0.0,4,0.165,-7.882,1,0.152,127.026,4.0,0.504,1,Eleven 11: / 11,Rob Curly,4,Happy
368,0.109,0.632,197963,0.519,0.0,1,0.122,-7.207,1,0.0265,99.999,4.0,0.602,1,Buffalo,Toro y Moi,4,Happy
370,0.273,0.893,142012,0.378,0.0,9,0.141,-7.324,1,0.305,119.969,4.0,0.642,1,Probably Nu It,Tree,4,Happy
372,0.0573,0.639,284080,0.749,0.0294,1,0.153,-5.916,0,0.0468,84.452,4.0,0.553,1,Star,Gary Clark Jr.,4,Happy
376,0.0207,0.808,292373,0.41,0.364,9,0.0769,-12.428,1,0.0658,122.663,4.0,0.752,1,Champagne Coast,Blood Orange,4,Happy
377,0.102,0.775,423747,0.528,0.582,9,0.233,-7.756,1,0.0441,94.967,4.0,0.961,1,Running Back To You,The Juan Maclean,4,Happy
381,0.038,0.728,176675,0.62,0.0,2,0.342,-7.533,1,0.0434,81.998,4.0,0.904,1,"Flex (Ooh, Ooh, Ooh)",Rich Homie Quan,4,Happy
387,0.268,0.763,322093,0.623,4.37e-06,2,0.0768,-6.128,1,0.179,115.032,4.0,0.369,1,Grindin’ My Whole Life,HS87,4,Happy
388,0.0626,0.858,254920,0.717,0.243,0,0.216,-8.734,1,0.0995,120.004,4.0,0.593,1,Slyd,!!!,4,Happy
392,0.0818,0.61,290667,0.791,0.0,2,0.0847,-10.918,0,0.101,85.338,4.0,0.938,1,Never Never Gonna Give Ya Up,Barry White,4,Happy
394,0.016,0.79,233813,0.616,0.13,0,0.136,-7.081,1,0.0388,111.038,4.0,0.373,1,Wait for a Minute,tUnE-yArDs,4,Happy
397,0.113,0.715,329169,0.64,0.0418,2,0.0848,-7.168,1,0.0317,113.507,4.0,0.398,1,Huarache Lights,Hot Chip,4,Happy
398,0.0414,0.811,312360,0.635,0.142,7,0.204,-8.394,1,0.0971,137.595,4.0,0.752,1,Leave House,Caribou,4,Happy
399,0.704,0.597,318261,0.721,0.0119,0,0.188,-9.433,1,0.0377,110.761,4.0,0.854,1,"Sweet Power, Your Embrace",James Mason,4,Happy
401,0.629,0.811,141000,0.461,1.4e-05,9,0.0767,-10.829,1,0.264,75.286,4.0,0.72,1,Money Money,Horace Andy,4,Happy
403,0.391,0.799,157068,0.657,3.16e-06,3,0.0763,-5.293,1,0.0377,141.655,4.0,0.956,1,I'll Do a Little Bit More,The Olympics,4,Happy
405,0.27,0.865,462467,0.896,0.0488,3,0.0676,-7.031,0,0.0623,111.457,4.0,0.939,1,Bustin' Loose,Chuck Brown and the Soul Searchers,4,Happy
406,0.107,0.826,253747,0.751,7.71e-05,10,0.0596,-9.621,0,0.0564,105.909,4.0,0.919,1,I Wish,Stevie Wonder,4,Happy
408,0.124,0.85,311120,0.818,0.00135,0,0.349,-8.623,1,0.0904,105.266,4.0,0.845,1,More Bounce To The Ounce,Zapp,4,Happy
409,0.0245,0.819,302000,0.684,0.358,2,0.115,-6.97,1,0.0599,130.268,4.0,0.84,1,Outlaw,War,4,Happy
410,0.0194,0.896,474040,0.482,0.033,0,0.0273,-8.35,1,0.127,112.0,4.0,0.847,1,Walking Into Sunshine,Central Line,4,Happy
426,0.132,0.635,139931,0.766,0.0,11,0.122,-6.449,1,0.26,93.603,4.0,0.675,1,Grown Up,Danny Brown,4,Happy
450,0.0184,0.845,415371,0.59,0.00581,0,0.084,-8.225,1,0.0538,126.024,4.0,0.346,1,Principles,Benoit & Sergio,4,Happy
453,0.386,0.791,317467,0.729,0.0126,11,0.0771,-9.856,0,0.054,108.274,4.0,0.717,1,Do It Roger,Zapp,4,Happy
454,0.00983,0.795,218147,0.578,0.743,5,0.115,-8.507,0,0.0569,127.014,4.0,0.639,1,Pharaohs (feat. Roses Gabor),SBTRKT,4,Happy
456,0.676,0.679,282308,0.709,0.0,7,0.292,-5.851,0,0.133,84.543,4.0,0.677,1,Computer Love,Zapp,4,Happy
459,0.00254,0.812,237320,0.554,0.698,7,0.0558,-10.978,1,0.0567,123.289,4.0,0.786,1,White Horse,Laid Back,4,Happy
462,0.185,0.731,207496,0.812,0.154,5,0.131,-6.691,1,0.0608,91.96,4.0,0.861,1,Say Please,Teams vs. Star Slinger,4,Happy
463,0.00649,0.805,213280,0.596,0.00772,7,0.299,-6.007,1,0.119,81.004,4.0,0.753,1,You Don't Love Me (No No No),Dawn Penn,4,Happy
466,0.738,0.698,101039,0.923,8.21e-06,1,0.296,-5.382,0,0.316,95.009,4.0,0.779,1,Close to Me,Teams vs. Star Slinger,4,Happy
467,0.000419,0.823,259680,0.811,0.0745,1,0.176,-6.158,1,0.0661,104.63,4.0,0.718,1,How Do You See Me Now,Zdar,4,Happy
468,0.00176,0.819,231747,0.777,0.0931,8,0.0627,-7.734,0,0.0614,104.651,4.0,0.769,1,See Me Now,Cassius,4,Happy
470,0.00402,0.872,198101,0.565,0.237,7,0.0947,-10.236,1,0.0708,125.992,4.0,0.885,1,Dance Our Way,DJ Eleven,4,Happy
471,0.00241,0.85,205663,0.664,0.0672,0,0.192,-9.141,1,0.105,126.018,4.0,0.584,1,Flashing Lights,DJ Ayres,4,Happy
473,0.196,0.76,263733,0.76,0.00185,10,0.113,-5.964,0,0.0509,111.01,4.0,0.616,1,Bizness,tUnE-yArDs,4,Happy
474,0.0305,0.874,217783,0.492,0.0,2,0.117,-4.898,1,0.328,64.992,4.0,0.644,1,Long Heels Red Bottoms,Trina,4,Happy
476,0.000963,0.767,317320,0.712,0.00275,5,0.243,-7.28,1,0.0564,125.025,4.0,0.947,1,Jealousy,Martin Solveig,4,Happy
483,0.429,0.857,287200,0.889,5.21e-06,6,0.143,-4.382,1,0.0795,103.072,4.0,0.82,1,Bop Gun (One Nation) - Radio Edit,Ice Cube,4,Happy
486,0.000299,0.697,238206,0.68,0.00674,2,0.125,-6.847,1,0.0318,98.002,4.0,0.288,1,On'n'On - Ruined by Rick Rubin,Justice,4,Happy
494,0.00138,0.881,259200,0.564,0.0,2,0.0983,-5.239,1,0.232,100.032,4.0,0.36,1,"Function - feat. YG, IAmSu & Problem",E-40,4,Happy
497,0.0227,0.816,222920,0.894,7.23e-05,6,0.331,-9.243,1,0.0819,99.995,4.0,0.968,1,Mi Swing es Tropical,Nickodemus,4,Happy
499,0.0365,0.829,336906,0.637,0.0233,5,0.267,-9.481,0,0.0882,120.761,4.0,0.688,1,Changes,Crazy P,4,Happy
502,0.0989,0.7,285211,0.718,0.0609,2,0.218,-5.882,1,0.0535,81.997,4.0,0.343,1,Slow Down,Poolside,4,Happy
506,0.00991,0.486,252707,0.526,0.158,0,0.0976,-9.041,1,0.0272,75.461,4.0,0.726,1,The Kids Were Wrong,Memoryhouse,4,Happy
509,0.00909,0.694,337187,0.716,0.000814,7,0.0772,-7.468,1,0.0513,121.427,4.0,0.896,1,Der Kommissar,After The Fire,4,Happy
510,0.122,0.817,220987,0.528,0.0,1,0.284,-6.551,1,0.0656,100.997,4.0,0.161,1,Slow Down,Clyde Carson,4,Happy
512,0.419,0.727,239360,0.657,0.0,0,0.0624,-5.307,1,0.188,82.553,4.0,0.794,1,About to Die,Dirty Projectors,4,Happy
517,0.0833,0.852,237533,0.523,0.0,5,0.106,-6.716,0,0.032,130.154,4.0,0.648,1,Two Of Hearts,Stacey Q,4,Happy
519,0.145,0.844,265400,0.688,0.00351,4,0.104,-8.594,0,0.291,96.671,4.0,0.747,1,Can I Kick It?,A Tribe Called Quest,4,Happy
520,0.0275,0.684,195373,0.603,0.000311,11,0.191,-8.127,0,0.0989,81.0,4.0,0.508,1,Sure Thing,Miguel,4,Happy
524,0.597,0.792,239427,0.387,0.000106,8,0.0757,-8.192,0,0.0464,136.996,4.0,0.677,1,Look At Where We Are,Hot Chip,4,Happy
544,0.0101,0.651,247360,0.642,0.000186,2,0.0902,-4.276,1,0.167,88.237,4.0,0.711,1,Anything New,Bibio,4,Happy
546,0.169,0.759,346160,0.772,0.0687,7,0.0668,-8.052,1,0.125,89.245,4.0,0.752,1,Louie Louie,Toots & The Maytals,4,Happy
547,0.0175,0.726,190360,0.664,0.0,0,0.195,-6.275,1,0.108,75.571,4.0,0.494,1,Under Mi Sensi,Barrington Levy,4,Happy
549,0.0845,0.865,233300,0.549,0.158,0,0.081,-10.083,1,0.244,142.8,4.0,0.619,1,Murderer,Barrington Levy,4,Happy
553,0.453,0.815,230307,0.672,0.0,8,0.112,-5.675,1,0.27,151.362,4.0,0.813,1,Jacket & Tie,Toyan,4,Happy
555,4.06e-05,0.683,230587,0.698,0.000113,9,0.058,-6.255,1,0.0395,125.999,4.0,0.962,1,All Of Me,Tanlines,4,Happy
556,0.0829,0.722,192026,0.619,0.0,9,0.0533,-8.324,0,0.352,140.031,4.0,0.606,1,Females Welcomed (feat. Reija Lee),Trinidad James,4,Happy
567,0.164,0.824,181800,0.513,0.0,8,0.0487,-9.591,1,0.208,99.938,4.0,0.568,1,Stomp - Dirty,5kinAndBone5,4,Happy
579,0.151,0.633,321627,0.85,0.0,5,0.0556,-5.915,0,0.344,97.933,4.0,0.761,1,HLM 3,Lunatic,4,Happy
582,0.00207,0.931,255844,0.606,0.461,1,0.092,-8.366,1,0.269,94.018,4.0,0.865,1,Purp Walk,Lunice,4,Happy
583,0.432,0.744,232611,0.685,0.0,7,0.319,-8.332,1,0.34,87.675,4.0,0.56,1,Do You Like It? (Feat. Kool A.D),Chaz Van Queen,4,Happy
585,0.00469,0.821,280173,0.469,0.0,8,0.141,-7.152,1,0.0473,132.002,4.0,0.321,1,Hate Bein' Sober,Chief Keef,4,Happy
586,0.00271,0.908,237293,0.513,0.0,2,0.141,-5.318,1,0.0973,130.047,4.0,0.256,1,Traffic,Lil Reese,4,Happy
588,0.239,0.839,636213,0.583,0.0,1,0.262,-5.941,1,0.268,87.99,4.0,0.557,1,Oldie,Odd Future,4,Happy
589,0.0425,0.79,173160,0.531,0.0,8,0.266,-6.968,1,0.197,86.306,4.0,0.498,1,Started From the Bottom,Drake,4,Happy
592,0.00402,0.937,225940,0.67,0.0,9,0.108,-6.149,1,0.107,136.029,4.0,0.592,1,"Gone, Gone",Juicy J,4,Happy
593,0.0912,0.748,275907,0.703,0.0036,2,0.0635,-11.869,1,0.0663,110.615,4.0,0.618,1,Rock Creek Park,The Blackbyrds,4,Happy
599,0.0234,0.688,219618,0.457,0.0,7,0.127,-9.86,1,0.0338,109.278,4.0,0.645,1,Can't Seem To Make You Mine,Sky Saxon & The Seeds,4,Happy
601,0.00201,0.734,394857,0.686,0.11,5,0.0408,-9.781,0,0.0761,128.021,4.0,0.543,1,Elevate - Q45 Remix,Toni Toni Lee,4,Happy
603,0.00263,0.725,238640,0.798,2.14e-06,0,0.0791,-6.75,0,0.162,124.045,4.0,0.72,1,Can't Shake This Feeling,Grum,4,Happy
604,0.014,0.962,156800,0.592,0.642,9,0.134,-11.716,0,0.108,130.684,4.0,0.361,1,Check Me Out Like,Blaqstarr,4,Happy
605,0.00167,0.845,292654,0.455,5.97e-05,11,0.0414,-5.209,1,0.0693,119.987,4.0,0.832,1,Second Summer,YACHT,4,Happy
607,0.0537,0.648,322760,0.547,0.0439,5,0.0826,-6.547,1,0.0245,141.378,4.0,0.851,1,Walk In The Park,Beach House,4,Happy
608,0.00576,0.77,347387,0.69,0.0107,9,0.0684,-4.903,0,0.0977,118.989,4.0,0.721,1,Reckless (With Your Love),Azari & III,4,Happy
611,0.000548,0.831,155042,0.373,0.000362,1,0.1,-6.896,1,0.157,96.115,4.0,0.356,1,(Bonus) Break Her Down,Iamsu!,4,Happy
614,0.769,0.808,118353,0.593,2.07e-06,1,0.111,-9.395,1,0.344,89.876,4.0,0.88,1,36 Chamber Flow,Flatbush Zombies,4,Happy
615,0.0302,0.798,216585,0.481,0.0,7,0.128,-10.488,1,0.314,127.136,4.0,0.64,1,Trill Hoe,Western Tink,4,Happy
623,0.0415,0.941,207040,0.685,0.0,10,0.08,-5.24,1,0.0752,97.524,4.0,0.695,1,I'm Different,2 Chainz,4,Happy
624,0.0426,0.794,248413,0.811,1.07e-06,6,0.101,-8.966,0,0.038,116.047,4.0,0.865,1,Get Lucky - Radio Edit,Daft Punk,4,Happy
625,0.0436,0.805,192623,0.634,0.0,7,0.0579,-7.759,1,0.0535,143.944,4.0,0.76,1,Had A Dream,EMP DASME,4,Happy
632,0.121,0.719,216000,0.66,0.0,2,0.127,-8.22,1,0.0829,119.996,4.0,0.357,1,Kids,Iamsu!,4,Happy
637,0.000839,0.802,334849,0.586,0.0212,5,0.0587,-6.245,1,0.103,128.011,4.0,0.407,1,For Your Love - Club Edit,The Partysquad,4,Happy
639,0.284,0.797,253187,0.508,0.00859,9,0.356,-8.154,0,0.0455,118.032,4.0,0.958,1,Slippin’,Quadron,4,Happy
640,0.00255,0.869,224107,0.426,0.534,7,0.113,-8.187,1,0.202,127.059,4.0,0.457,1,Take You On,Peaches,4,Happy
642,0.0267,0.821,632693,0.793,1.37e-05,6,0.0751,-9.003,0,0.0391,116.009,4.0,0.91,1,Get Lucky - Daft Punk Remix,Daft Punk,4,Happy
644,0.152,0.702,420107,0.504,5.11e-06,9,0.22,-16.794,1,0.342,121.374,4.0,0.794,1,Ride The Rhythm,On The House featuring Marshall Jefferson,4,Happy
648,0.274,0.683,266173,0.776,0.0748,0,0.0885,-7.029,1,0.0754,126.18,4.0,0.667,1,Half Full Glass of Wine,Tame Impala,4,Happy
650,0.00968,0.836,230627,0.817,0.0,7,0.114,-5.672,1,0.0677,112.007,4.0,0.658,1,Wop (Official Version),J. Dash,4,Happy
651,0.0613,0.931,202199,0.415,0.0,7,0.059,-8.491,1,0.293,97.995,4.0,0.614,1,Don’t Drop That Thun Thun,Finatticz,4,Happy
658,0.0216,0.886,217893,0.474,0.0,1,0.088,-8.045,0,0.274,150.068,4.0,0.823,1,Swing,Savage,4,Happy
663,0.00778,0.786,263120,0.604,0.0,6,0.102,-8.372,1,0.0614,140.054,4.0,0.502,1,Bounce It,Juicy J,4,Happy
664,0.00842,0.853,139240,0.578,0.0,10,0.095,-4.897,0,0.2,98.027,4.0,0.566,1,Pu$$y Magnet (feat. Keayshawn),Roach Gigz,4,Happy
667,0.025,0.854,207264,0.46,0.0,10,0.128,-9.71,0,0.14,97.512,4.0,0.492,1,Gas Pedal (feat. IamSu),Sage The Gemini,4,Happy
668,0.436,0.862,198531,0.364,0.0,11,0.0688,-9.727,0,0.137,97.51,4.0,0.766,1,Red Nose,Sage The Gemini,4,Happy
671,0.444,0.654,165432,0.794,0.0,1,0.127,-4.307,1,0.322,96.973,4.0,0.464,1,Strictly 4 My Jeeps,Action Bronson,4,Happy
676,0.003,0.766,227027,0.453,3.49e-05,6,0.0923,-6.651,0,0.067,100.002,4.0,0.346,1,"Hold On, We're Going Home",Drake,4,Happy
677,0.426,0.872,188347,0.541,0.000789,5,0.132,-5.911,1,0.103,95.971,4.0,0.653,1,Living,2 Chainz,4,Happy
687,0.109,0.742,214693,0.77,0.0239,10,0.104,-6.339,0,0.0514,96.988,4.0,0.687,1,Northern Lights,Kate Boy,4,Happy
691,0.00469,0.712,252313,0.865,0.0412,1,0.121,-6.411,1,0.083,113.015,4.0,0.831,1,The Way We Are,Kate Boy,4,Happy
699,0.0215,0.825,199973,0.489,0.0,11,0.111,-9.32,1,0.263,96.99,4.0,0.424,1,R.I.P.,Jeezy,4,Happy
704,0.00723,0.743,259683,0.633,0.0,9,0.246,-8.224,1,0.235,85.041,4.0,0.398,1,Marc Jacobs,Riff Raff,4,Happy
710,0.0468,0.876,170480,0.716,0.000482,1,0.0667,-6.884,1,0.135,131.942,4.0,0.758,1,Wearing My Rolex - Radio Edit,Wiley,4,Happy
714,0.000334,0.907,183581,0.616,0.425,6,0.11,-7.073,0,0.0577,124.036,4.0,0.614,1,Jack,Breach,4,Happy
715,0.0175,0.764,198907,0.547,0.000161,0,0.23,-8.6,1,0.0576,89.993,4.0,0.404,1,Tennis Court,Lorde,4,Happy
717,0.00349,0.772,227880,0.407,2.4e-05,6,0.0705,-7.442,0,0.0907,100.006,4.0,0.287,1,"Hold On, We're Going Home",Drake,4,Happy
721,0.344,0.69,237040,0.737,0.0,1,0.243,-4.123,1,0.0363,115.02,4.0,0.821,1,I Blame Myself,Sky Ferreira,4,Happy
722,0.278,0.716,205800,0.568,1.98e-06,2,0.385,-8.904,1,0.212,136.894,4.0,0.915,1,Sunday,Earl Sweatshirt,4,Happy
723,0.591,0.624,251627,0.724,7.79e-06,10,0.101,-7.113,1,0.101,78.008,4.0,0.62,1,Step,Vampire Weekend,4,Happy
732,0.0116,0.816,224853,0.543,0.0,0,0.13,-6.923,1,0.238,95.04,4.0,0.373,1,Dope,Tyga,4,Happy
735,0.00626,0.807,442213,0.634,0.0288,11,0.0442,-9.035,1,0.0727,94.242,4.0,0.674,1,Don't Let It Get to Your Head,Black Harmony,4,Happy
742,0.503,0.683,250653,0.478,5.26e-05,2,0.113,-12.501,1,0.0356,115.121,4.0,0.771,1,Sunshine Of Your Love,Cream,4,Happy
750,0.00778,0.677,256133,0.64,0.477,11,0.093,-6.408,0,0.0428,110.639,4.0,0.912,1,Good Mistake,Mr Little Jeans,4,Happy
758,0.14,0.85,220347,0.534,0.000893,1,0.313,-5.278,1,0.322,98.004,4.0,0.963,1,Latino & Proud,DJ Raff,4,Happy
759,0.0796,0.868,342773,0.627,0.0,1,0.0983,-4.843,0,0.116,131.097,4.0,0.314,1,Move That Dope,Future,4,Happy
766,0.421,0.876,240000,0.675,1.16e-06,3,0.0667,-3.28,0,0.146,135.959,4.0,0.618,1,Stoner,Young Thug,4,Happy
770,0.0235,0.761,387774,0.478,0.00972,4,0.0458,-7.437,0,0.0545,118.925,4.0,0.948,1,Synchronize,Discodeine,4,Happy
773,0.000725,0.801,315001,0.718,0.91,0,0.0747,-6.246,1,0.0746,123.999,4.0,0.817,1,Vowel Play - Original,Them Jeans,4,Happy
779,0.763,0.707,275227,0.709,0.0,11,0.274,-3.979,0,0.34,89.094,4.0,0.497,1,0 To 100 / The Catch Up,Drake,4,Happy
792,0.36,0.784,212154,0.649,0.000684,0,0.115,-6.905,1,0.292,140.203,4.0,0.503,1,Tuesday,ILoveMakonnen,4,Happy
796,0.0421,0.895,232533,0.517,9.72e-06,2,0.0511,-9.972,1,0.101,141.536,4.0,0.961,1,Natty Dread A Weh She Want,Horace Andy,4,Happy
800,0.602,0.746,190733,0.484,0.00824,1,0.0576,-9.614,1,0.0434,97.923,4.0,0.596,1,The Boss,James Brown,4,Happy
818,0.227,0.873,165544,0.504,0.0,0,0.121,-5.39,1,0.166,145.995,4.0,0.647,1,My Main,Mykfresh,4,Happy
822,0.666,0.827,202360,0.503,0.443,1,0.123,-11.007,1,0.0352,119.35,4.0,0.94,1,Black Boy,Pops Staples,4,Happy
823,0.11,0.589,382733,0.616,0.204,5,0.0721,-9.475,0,0.0312,96.616,4.0,0.869,1,Give Me The Sunshine,Leo's Sunshipp,4,Happy
829,0.13,0.61,178560,0.672,0.00283,7,0.109,-7.436,0,0.305,129.986,4.0,0.925,1,Topless,Orlando Julius,4,Happy
830,0.597,0.571,207360,0.836,0.0108,10,0.106,-6.906,0,0.215,93.641,4.0,0.54,1,Breakthrough,The Funkees,4,Happy
831,0.0672,0.802,451341,0.872,0.0197,5,0.0941,-6.346,0,0.0557,117.005,4.0,0.68,1,Stand Up - Tiger & Woods Remix,Pitchben,4,Happy
833,0.0319,0.846,328962,0.472,0.0398,0,0.1,-9.13,0,0.0662,124.984,4.0,0.671,1,Ain't got nobody,Sísý Ey,4,Happy
834,0.269,0.575,302987,0.641,0.0121,6,0.211,-8.105,0,0.0325,91.714,4.0,0.901,1,I Want'a Do Something Freaky To You,Leon Haywood,4,Happy
839,0.611,0.597,172667,0.71,0.0,5,0.104,-9.798,1,0.0378,150.13,4.0,0.767,1,Do You Love Me,The Contours,4,Happy
841,0.737,0.571,176800,0.839,0.0281,3,0.195,-5.799,0,0.0517,127.356,4.0,0.813,1,Louie Louie,The Sonics,4,Happy
844,0.436,0.684,250000,0.486,9.77e-05,2,0.12,-12.521,1,0.0385,115.076,4.0,0.821,1,Sunshine Of Your Love,Cream,4,Happy
847,0.0043,0.894,376000,0.676,0.348,8,0.425,-9.707,1,0.0979,121.0,4.0,0.715,1,Make It,Patrick Di Stefano,4,Happy
851,0.136,0.829,321067,0.65,2.15e-05,10,0.15,-9.691,1,0.06,108.398,4.0,0.744,1,I'll Be Good,Rene & Angela,4,Happy
855,0.813,0.745,132947,0.544,0.0,5,0.0975,-9.137,0,0.0654,125.345,4.0,0.776,1,Three Cool Cats,The Coasters,4,Happy
859,0.00325,0.686,280480,0.61,0.000123,5,0.0984,-7.952,0,0.0297,143.598,4.0,0.861,1,Akue We Non Houme - Jerk Fon,T. P. Orchestre Poly-Rythmo,4,Happy
860,0.517,0.691,445227,0.714,0.0164,1,0.178,-9.694,1,0.046,91.045,4.0,0.96,1,Ecoute ma mélodie - Bossa Afro,T. P. Orchestre Poly-Rythmo,4,Happy
861,0.292,0.592,265827,0.688,0.268,6,0.0508,-14.107,1,0.115,102.099,4.0,0.927,1,Ole,The Funkees,4,Happy
863,0.0314,0.86,304138,0.857,0.38,6,0.0694,-4.23,1,0.0933,121.999,4.0,0.826,1,5thep,Todd Osborn,4,Happy
865,0.0491,0.703,194147,0.464,0.0,6,0.146,-5.977,0,0.118,95.012,4.0,0.689,1,Your Love,Mick Jenkins,4,Happy
872,0.809,0.833,186567,0.684,0.0,7,0.0952,-6.325,1,0.043,112.7,4.0,0.954,1,Oogum Boogum Song,Brenton Wood,4,Happy
876,0.156,0.819,214154,0.671,0.000136,5,0.2,-6.947,0,0.393,129.921,4.0,0.555,1,Agorinha,Sango,4,Happy
883,0.198,0.89,326318,0.52,0.273,2,0.0638,-6.927,0,0.187,114.959,4.0,0.717,1,Something About You - Extended Mix,Hayden James,4,Happy
885,0.101,0.867,302880,0.669,0.683,9,0.0583,-7.897,0,0.0573,121.99,4.0,0.696,1,The One,ZHU,4,Happy
887,0.000825,0.832,365747,0.496,0.825,11,0.114,-10.601,0,0.0597,117.741,4.0,0.854,1,Deeper Than Love,Colleen Green,4,Happy
888,0.478,0.839,181260,0.585,0.00281,2,0.0435,-7.738,1,0.153,89.821,4.0,0.894,1,Back Pocket,Vulfpeck,4,Happy
893,0.000624,0.906,311365,0.648,0.0857,11,0.272,-8.742,0,0.0734,123.98,4.0,0.646,1,Jack,Breach,4,Happy
894,0.000334,0.907,183581,0.616,0.425,6,0.11,-7.073,0,0.0577,124.036,4.0,0.614,1,Jack,Breach,4,Happy
901,0.0289,0.93,204992,0.483,0.00244,3,0.103,-9.925,1,0.0411,120.022,4.0,0.577,1,No Eyes (Radio Edit),Claptone,4,Happy
902,0.0124,0.585,264000,0.62,0.0164,6,0.135,-9.075,1,0.0538,80.021,4.0,0.715,1,Fanfare,Magic City Hippies,4,Happy
905,0.157,0.729,267000,0.818,0.285,2,0.195,-9.992,1,0.0732,125.811,4.0,0.909,1,Bang A Gong [Get It On] (Remastered Single/LP Version),T. Rex,4,Happy
906,2.6e-05,0.76,272082,0.669,0.076,11,0.0666,-8.583,1,0.0521,122.007,4.0,0.683,1,Paris Groove (Original Mix),Boston Bun,4,Happy
907,0.000885,0.79,312000,0.427,0.446,11,0.0514,-11.361,0,0.0541,116.986,4.0,0.961,1,Nothing,HNNY,4,Happy
909,0.242,0.708,196000,0.441,0.000147,11,0.0899,-12.931,1,0.196,125.191,4.0,0.717,1,Tighten Up - Pt. 1,Archie Bell & The Drells,4,Happy
910,0.643,0.729,261853,0.666,0.135,5,0.0947,-10.721,1,0.0525,109.554,4.0,0.872,1,Ohye Atar Gyan,Ebo Taylor,4,Happy
912,0.847,0.661,128053,0.76,0.334,9,0.137,-9.509,1,0.0918,111.165,4.0,0.975,1,I'm Walkin' - 2002 Digital Remaster,Fats Domino,4,Happy
920,0.218,0.63,590707,0.862,0.0527,2,0.0618,-6.12,0,0.0501,103.118,4.0,0.698,1,Obi Agye Me Dofo,Vis à Vis,4,Happy
932,0.136,0.906,235040,0.444,6.44e-05,4,0.173,-8.692,0,0.384,140.063,4.0,0.68,1,No Heart,21 Savage,4,Happy
934,0.155,0.822,156879,0.863,0.000632,7,0.0913,-8.035,1,0.196,100.959,4.0,0.608,1,We Out Here,Ezale,4,Happy
946,0.028,0.658,109031,0.568,0.00356,1,0.105,-7.579,1,0.0312,128.638,4.0,0.881,1,On the Lips,Frankie Cosmos,4,Happy
947,0.00159,0.865,250273,0.603,0.428,3,0.0782,-11.289,1,0.0532,135.006,4.0,0.595,1,Stripper,Fancy Fux,4,Happy
952,0.758,0.744,169333,0.555,0.0,3,0.108,-6.744,1,0.0321,121.241,4.0,0.775,1,Raindrops,The Silvertones,4,Happy
953,0.34,0.77,181867,0.409,0.0,4,0.0993,-13.387,1,0.436,80.126,4.0,0.869,1,Truths & Rights,Johnny Osbourne,4,Happy
954,0.269,0.663,361173,0.602,8.81e-05,9,0.118,-11.013,1,0.132,149.51,4.0,0.899,1,Smoke,Ohio Players,4,Happy
959,0.0173,0.916,183695,0.571,1.11e-06,10,0.153,-8.241,0,0.2,103.521,4.0,0.467,1,For Free,DJ Khaled,4,Happy
961,0.0853,0.864,126467,0.552,0.778,5,0.094,-8.851,0,0.0495,112.378,4.0,0.74,1,Hung Over,The Martini's,4,Happy
963,0.543,0.785,196570,0.796,0.291,5,0.108,-5.815,0,0.0379,136.05,4.0,0.806,1,Cane Shuga,Glass Animals,4,Happy
965,0.0378,0.81,369627,0.793,1.82e-06,6,0.072,-9.404,0,0.0403,116.049,4.0,0.86,1,Get Lucky,Daft Punk,4,Happy
969,0.147,0.85,261321,0.509,0.0,6,0.0759,-9.637,0,0.378,134.9,4.0,0.769,1,Type of Way,Rich Homie Quan,4,Happy
974,0.0475,0.606,228147,0.503,0.0,7,0.116,-6.678,0,0.155,80.04,4.0,0.325,1,GOT IT GOOD,KAYTRANADA,4,Happy
984,0.345,0.855,225181,0.605,0.0573,2,0.0757,-7.403,0,0.0637,114.999,4.0,0.676,1,Something About You,Hayden James,4,Happy
986,0.0739,0.833,301240,0.663,0.00351,2,0.0814,-3.639,1,0.105,103.693,4.0,0.457,1,Hood Pass Intact,Dâm-Funk,4,Happy
987,0.00535,0.654,247600,0.641,0.00321,8,0.209,-9.771,1,0.0482,114.696,4.0,0.778,1,Let's Dance (Single Version) [2002 Remastered Version],David Bowie,4,Happy
990,0.135,0.756,246893,0.415,0.0,8,0.144,-14.429,1,0.0555,96.99,4.0,0.662,1,No Sleep Till Brooklyn,Beastie Boys,4,Happy
991,0.0208,0.869,233787,0.687,1e-06,1,0.114,-6.816,1,0.263,96.006,4.0,0.668,1,F**kin' Problems,A$AP Rocky,4,Happy
992,0.144,0.709,310187,0.412,0.000101,8,0.0814,-11.602,1,0.488,174.062,4.0,0.505,1,Swerve... the reeping of all that is worthwhile (Noir not withstanding),Shabazz Palaces,4,Happy
997,0.374,0.772,167158,0.612,2.44e-06,7,0.108,-7.274,0,0.254,142.911,4.0,0.557,1,Lay Up,Future,4,Happy
1000,0.00531,0.859,219737,0.624,0.000124,1,0.184,-5.437,1,0.0915,149.948,4.0,0.628,1,No Security,Skepta,4,Happy
1005,0.285,0.88,151987,0.697,7.66e-05,4,0.0889,-8.468,0,0.328,129.989,4.0,0.761,1,Plottin,J HUS,4,Happy
1011,0.397,0.739,181714,0.665,0.0,1,0.0901,-6.075,0,0.441,139.87,4.0,0.357,1,T On the Wing,President T,4,Happy
1013,0.0641,0.667,201964,0.673,4e-06,0,0.0975,-7.574,1,0.323,144.256,4.0,0.661,1,Thiago Silva,Dave,4,Happy
1014,0.375,0.561,195419,0.588,0.0,8,0.084,-7.628,1,0.413,83.204,5.0,0.683,1,And Dat (Ft. Stormzy),Bonkaz,4,Happy
1016,0.0103,0.745,143214,0.822,4.2e-06,7,0.155,-6.354,1,0.252,86.733,5.0,0.374,1,Skepta Interlude,Drake,4,Happy
1018,0.35,0.794,187400,0.801,0.0,0,0.0799,-6.433,1,0.271,147.072,4.0,0.73,1,Luke Cage,AJ Tracey,4,Happy
1021,0.0677,0.587,180252,0.628,1.88e-06,1,0.122,-5.703,1,0.0431,92.003,4.0,0.65,0,Losing Sleep,Chris Young,4,Happy
1022,0.013,0.631,187813,0.716,0.0,10,0.0756,-5.713,1,0.0432,88.541,4.0,0.637,0,Sleep Without You,Brett Young,4,Happy
1023,0.231,0.589,194413,0.809,0.0,3,0.0719,-5.292,1,0.0376,88.965,4.0,0.464,0,Yeah Boy,Kelsea Ballerini,4,Happy
1028,0.27,0.663,211160,0.656,0.000279,1,0.117,-6.548,1,0.0413,120.037,4.0,0.555,0,Black,Dierks Bentley,4,Happy
1033,0.148,0.726,231173,0.595,0.000433,11,0.106,-6.846,1,0.0393,115.0,4.0,0.666,0,Roots,Zac Brown Band,4,Happy
1041,0.144,0.631,227573,0.658,0.0,5,0.22,-5.313,1,0.0281,80.996,4.0,0.692,0,All On Me,Devin Dawson,4,Happy
1043,0.214,0.638,196422,0.634,0.0,6,0.0866,-6.474,1,0.0468,92.097,4.0,0.445,0,I Could Use a Love Song,Maren Morris,4,Happy
1062,0.638,0.71,186627,0.498,0.0,4,0.0916,-5.478,1,0.0322,136.093,4.0,0.52,0,Just a Phase,Adam Craig,4,Happy
1063,0.463,0.731,165387,0.469,1.04e-06,5,0.103,-7.226,1,0.0326,98.963,4.0,0.618,0,Body Like A Back Road,Sam Hunt,4,Happy
1073,0.129,0.69,181200,0.626,0.0,7,0.169,-5.831,1,0.0275,101.958,4.0,0.652,0,Star Of The Show,Thomas Rhett,4,Happy
1078,0.229,0.694,228827,0.815,0.0,2,0.0924,-4.328,1,0.12,88.931,4.0,0.826,0,Despacito - Remix,Luis Fonsi,4,Happy
1081,0.0258,0.746,205741,0.794,0.0,1,0.0497,-6.331,1,0.0698,104.827,4.0,0.471,0,Me Rehúso,Danny Ocean,4,Happy
1085,0.168,0.859,195613,0.756,4.65e-05,8,0.163,-3.36,0,0.0643,102.033,4.0,0.913,0,Chantaje,Shakira,4,Happy
1087,0.154,0.889,201280,0.853,0.000107,9,0.205,-4.26,1,0.241,93.022,4.0,0.916,0,Sigo Extrañándote,J Balvin,4,Happy
1092,0.4,0.761,222560,0.838,0.0,4,0.176,-3.073,0,0.0502,93.974,4.0,0.717,0,Reggaetón Lento (Bailemos),CNCO,4,Happy
1094,0.547,0.76,210323,0.838,1.3e-06,7,0.0664,-3.828,0,0.0529,93.05,4.0,0.74,0,Me Llamas (feat. Maluma) - Remix,Piso 21,4,Happy
1095,0.211,0.711,225813,0.875,0.000198,5,0.0862,-2.211,1,0.104,103.637,4.0,0.929,0,Me Enamoré,Shakira,4,Happy
1096,0.205,0.735,193118,0.482,0.000194,7,0.0894,-9.21,1,0.0508,175.907,4.0,0.783,0,Tu Foto,Ozuna,4,Happy
1101,0.125,0.761,211627,0.82,2.1e-05,1,0.183,-4.003,1,0.0623,88.997,4.0,0.619,0,Te Quiero Pa´Mi,Don Omar,4,Happy
1102,0.167,0.761,252003,0.829,0.0,0,0.189,-3.203,0,0.0681,92.033,4.0,0.82,0,Ay Mi Dios,IAmChino,4,Happy
1103,0.142,0.776,228467,0.669,0.0,11,0.219,-4.933,1,0.0638,91.012,4.0,0.646,0,Traicionera,Sebastian Yatra,4,Happy
1107,0.163,0.817,207200,0.869,0.00226,6,0.0497,-4.791,1,0.18,96.029,4.0,0.56,0,Bailame,Nacho,4,Happy
1110,0.245,0.682,228147,0.858,0.0,9,0.104,-4.711,1,0.0708,94.954,4.0,0.772,0,Sé Que Te Duele,Alejandro Fernandez,4,Happy
1114,0.0724,0.827,197840,0.646,0.0,1,0.247,-4.727,0,0.0766,92.057,4.0,0.51,0,Chillax,Farruko,4,Happy
1115,0.282,0.832,198707,0.608,0.0,6,0.0761,-6.042,0,0.0385,94.013,4.0,0.579,0,Hasta el Amanecer,Nicky Jam,4,Happy
1116,0.163,0.688,240000,0.719,0.0,2,0.15,-4.746,1,0.0555,88.015,4.0,0.589,0,Bailame Despacio,Xantos,4,Happy
1117,0.076,0.899,234320,0.626,0.0,6,0.0631,-4.228,0,0.292,88.007,4.0,0.871,0,Shaky Shaky,Daddy Yankee,4,Happy
1122,0.234,0.768,219227,0.742,0.0,9,0.14,-6.308,1,0.0443,114.679,5.0,0.8,0,Ya Me Enteré (feat. Nicky Jam) - Urban Version,Reik,4,Happy
1123,0.0821,0.725,246653,0.711,0.0,10,0.0931,-4.544,1,0.0335,93.003,4.0,0.476,0,Mi Tesoro (feat. Nicky Jam),Zion & Lennox,4,Happy
1126,0.0525,0.779,166600,0.659,0.0,0,0.128,-5.455,1,0.0808,95.003,4.0,0.924,0,Fuego,Juanes,4,Happy
1136,0.177,0.95,214648,0.412,0.0,1,0.077,-6.592,1,0.0731,121.019,4.0,0.741,0,Bad Liar,Selena Gomez,4,Happy
1137,0.222,0.63,228827,0.815,0.0,2,0.091,-4.265,1,0.152,88.357,4.0,0.814,0,Despacito - Remix,Luis Fonsi,4,Happy
1139,0.0969,0.774,211475,0.626,3.12e-05,3,0.0848,-4.432,0,0.0432,100.041,4.0,0.758,0,Attention,Charlie Puth,4,Happy
1140,0.381,0.857,199440,0.8,0.0,2,0.0913,-4.035,1,0.0583,121.996,4.0,0.965,0,There's Nothing Holdin' Me Back,Shawn Mendes,4,Happy
1142,0.0745,0.696,211364,0.503,0.0,8,0.0869,-4.842,1,0.0356,99.977,4.0,0.539,0,The Cure,Lady Gaga,4,Happy
1143,0.197,0.633,193511,0.592,0.0,0,0.099,-7.245,0,0.112,90.066,4.0,0.643,0,First Time,Kygo,4,Happy
1145,0.0485,0.76,204400,0.588,0.0,9,0.0847,-7.082,1,0.0775,102.974,4.0,0.384,0,Most Girls,Hailee Steinfeld,4,Happy
1151,0.0575,0.741,223504,0.667,0.0,10,0.106,-5.445,1,0.134,112.956,4.0,0.609,0,No Promises (feat. Demi Lovato),Cheat Codes,4,Happy
1152,0.0133,0.726,188174,0.429,0.0,0,0.0574,-6.623,1,0.0519,85.899,4.0,0.874,0,Slow Hands,Niall Horan,4,Happy
1156,0.45,0.754,272667,0.762,6.67e-05,6,0.224,-4.486,0,0.0849,92.002,4.0,0.673,0,Rollin,Calvin Harris,4,Happy
1157,0.00728,0.741,221983,0.559,0.000971,10,0.21,-7.775,1,0.03,101.999,4.0,0.441,0,Obsession (feat. Jon Bellion),Vice,4,Happy
1158,0.549,0.87,160597,0.502,0.00356,5,0.0916,-7.497,0,0.0549,82.53,4.0,0.676,0,Whippin (feat. Felix Snow),Kiiara,4,Happy
1161,0.0293,0.726,233833,0.769,0.0101,6,0.104,-5.043,1,0.123,97.985,4.0,0.75,0,Unforgettable,French Montana,4,Happy
1162,0.000339,0.905,177604,0.596,2.05e-05,1,0.0897,-7.496,0,0.118,149.996,4.0,0.419,0,HUMBLE.,Kendrick Lamar,4,Happy
1168,0.0905,0.648,220781,0.532,0.0,0,0.0831,-6.597,1,0.0746,99.983,4.0,0.497,0,It Ain’t Me (with Selena Gomez),Kygo,4,Happy
1172,0.0235,0.667,172893,0.648,1.52e-05,3,0.0427,-6.398,0,0.0626,95.031,4.0,0.585,0,TG4M,Zara Larsson,4,Happy
1173,0.0102,0.833,204600,0.434,0.0219,2,0.165,-8.795,1,0.431,150.062,4.0,0.286,0,Mask Off,Future,4,Happy
1174,0.122,0.803,227292,0.793,5.81e-05,6,0.154,-5.769,1,0.0635,106.035,4.0,0.54,0,Bon Appétit,Katy Perry,4,Happy
1177,0.416,0.704,176347,0.423,0.0,8,0.0607,-6.792,1,0.0862,113.962,4.0,0.45,0,Issues,Julia Michaels,4,Happy
1178,0.013,0.853,206693,0.56,0.0,1,0.0944,-4.961,1,0.0406,134.066,4.0,0.853,0,That's What I Like,Bruno Mars,4,Happy
1180,0.131,0.748,188491,0.627,0.0,7,0.0852,-6.029,1,0.0644,120.963,4.0,0.513,0,Still Got Time,ZAYN,4,Happy
1181,0.33,0.736,219080,0.449,0.000162,1,0.0898,-11.462,0,0.425,80.126,4.0,0.322,0,Location,Khalid,4,Happy
1184,0.581,0.825,233713,0.652,0.0,1,0.0931,-3.183,0,0.0802,95.977,4.0,0.933,0,Shape of You,Ed Sheeran,4,Happy
1187,0.0656,0.828,299333,0.433,0.000876,0,0.122,-9.716,1,0.199,148.073,4.0,0.446,0,Lollipop,Lil Wayne,4,Happy
1191,0.00622,0.75,203867,0.78,0.0,4,0.0263,-3.155,1,0.0898,119.985,4.0,0.819,0,Dynamite,Taio Cruz,4,Happy
1194,0.555,0.635,217419,0.691,0.0,0,0.097,-4.862,1,0.258,82.142,4.0,0.63,0,Trumpets,Jason Derulo,4,Happy
1199,0.0384,0.72,175427,0.791,0.0,1,0.157,-4.689,1,0.124,102.071,4.0,0.767,0,Classic,MKTO,4,Happy
1203,0.0525,0.715,207333,0.655,0.0,0,0.115,-6.425,1,0.137,95.078,4.0,0.557,0,"Young, Wild & Free (feat. Bruno Mars)",Snoop Dogg,4,Happy
1206,0.0715,0.859,188453,0.697,0.0,1,0.0761,-3.79,0,0.0569,117.008,4.0,0.875,0,Love You Like A Love Song,Selena Gomez & The Scene,4,Happy
1208,0.0762,0.809,195853,0.628,0.000371,11,0.113,-5.021,0,0.0561,130.008,4.0,0.797,0,Sexy Bitch (feat. Akon) - Featuring Akon;explicit,David Guetta,4,Happy
1209,0.000979,0.842,189907,0.531,1.34e-05,0,0.0667,-8.729,1,0.0377,105.013,4.0,0.758,0,Somebody,Natalie La Rose,4,Happy
1210,0.0183,0.745,189959,0.714,0.0,1,0.0636,-5.501,0,0.0302,120.025,4.0,0.847,0,Maps,Maroon 5,4,Happy
1211,0.162,0.725,247520,0.68,2.13e-06,8,0.158,-5.465,1,0.0306,119.939,4.0,0.753,0,Am I Wrong,Nico & Vinz,4,Happy
1215,0.0378,0.81,369627,0.793,1.82e-06,6,0.072,-9.404,0,0.0403,116.049,4.0,0.86,0,Get Lucky,Daft Punk,4,Happy
1219,0.0196,0.592,206880,0.752,0.0,1,0.0477,-6.589,1,0.114,74.784,4.0,0.73,0,Stitches,Shawn Mendes,4,Happy
1220,0.403,0.753,203467,0.801,0.0,4,0.128,-3.215,1,0.0296,128.011,4.0,0.787,0,I Will Never Let You Down,Rita Ora,4,Happy
1225,0.00373,0.862,263827,0.608,6.14e-06,7,0.0856,-4.762,1,0.0402,120.002,4.0,0.825,0,Blurred Lines,Robin Thicke,4,Happy
1229,0.455,0.627,262853,0.56,0.0,5,0.126,-5.378,1,0.0667,97.967,4.0,0.488,0,Can’t Live Without,Hollyn,4,Happy
1243,0.117,0.673,176453,0.813,0.0,0,0.148,-5.895,1,0.0363,103.999,4.0,0.638,0,Old Church Choir,Zach Williams,4,Happy
1265,0.193,0.732,207052,0.606,1.25e-06,10,0.165,-5.21,1,0.0313,115.985,4.0,0.637,0,Run the Race,Holly Starr,4,Happy
1276,0.00687,0.688,183413,0.843,0.0,5,0.0464,-4.12,1,0.0452,105.02,4.0,0.841,0,Fearless,Jasmine Murray,4,Happy
1358,0.328,0.68,231679,0.593,0.0,1,0.105,-6.496,1,0.176,94.007,4.0,0.396,0,Nosedive,Dynamic Duo,4,Happy
1367,0.364,0.819,186817,0.677,0.0313,5,0.0915,-5.703,0,0.0423,94.975,4.0,0.93,0,MWAH,Humming Urban Stereo,4,Happy
1374,0.164,0.844,226600,0.32,0.0,6,0.107,-9.532,0,0.0475,125.927,4.0,0.575,0,Talk,10cm,4,Happy
1378,0.532,0.549,200231,0.451,3.44e-05,1,0.0425,-10.302,0,0.15,85.296,4.0,0.621,0,Hot and Cold (feat. Yun Cheoljong of 10cm),SunWoo Jung-A,4,Happy
1383,0.439,0.892,157001,0.443,0.0,0,0.0866,-6.181,1,0.0379,107.984,4.0,0.729,0,My eyes,10cm,4,Happy
1389,0.705,0.894,222307,0.161,0.0033,4,0.312,-14.311,1,0.088,104.968,4.0,0.818,0,장가갈 수 있을까 Can I Get Married?,Coffeeboy,4,Happy
1390,0.368,0.717,232944,0.844,1.93e-05,1,0.255,-5.363,0,0.0299,110.023,4.0,0.825,0,Sneakers,Humming Urban Stereo,4,Happy
1391,0.289,0.712,223333,0.625,0.0,7,0.127,-8.832,1,0.149,100.004,4.0,0.718,0,Dangerous,Clazziquai Project,4,Happy
1392,0.138,0.768,224009,0.743,0.00128,0,0.142,-6.09,1,0.0455,89.983,4.0,0.692,0,Night Time Melody,Rude Paper,4,Happy
1394,0.508,0.597,210893,0.575,0.0,10,0.265,-3.705,1,0.0341,85.018,4.0,0.516,0,"Love, Love.",Big Brain,4,Happy
1408,0.461,0.59,162084,0.568,0.0562,7,0.106,-8.332,1,0.0252,153.113,4.0,0.731,0,Runner,Jon and Roy,4,Happy
1409,0.302,0.696,292987,0.521,0.0,10,0.0565,-8.465,0,0.332,100.0,4.0,0.471,0,No Role Modelz,J. Cole,4,Happy
1411,0.358,0.894,216520,0.284,0.000487,11,0.11,-13.002,0,0.33,138.944,4.0,0.413,0,Neighbors,J. Cole,4,Happy
1413,0.331,0.889,301133,0.393,8.67e-06,4,0.283,-10.821,0,0.267,128.065,4.0,0.31,0,G.O.M.D.,J. Cole,4,Happy
1427,0.0171,0.801,160000,0.642,0.000946,9,0.112,-5.926,0,0.0903,126.013,4.0,0.703,0,Humble,Wahlstedt,4,Happy
1456,0.474,0.871,184762,0.893,0.852,5,0.0891,-3.774,1,0.0403,126.016,4.0,0.639,0,Bassline Riddim,Vato Gonzalez,4,Happy
1477,0.0533,0.599,288877,0.667,0.0,7,0.134,-4.267,1,0.0367,80.984,4.0,0.811,0,I'm the One,DJ Khaled,4,Happy
1482,0.166,0.766,181000,0.771,2.51e-06,8,0.105,-4.358,1,0.0483,113.946,4.0,0.655,0,Issues - Alan Walker Remix,Julia Michaels,4,Happy
1487,0.101,0.867,191240,0.487,0.0,5,0.148,-5.872,1,0.0777,101.959,4.0,0.777,0,High Without Your Love,Loote,4,Happy
1491,0.0156,0.841,241875,0.639,0.0654,9,0.0545,-6.052,0,0.0688,99.002,4.0,0.673,0,Tuesday (feat. Danelle Sandoval),Burak Yeter,4,Happy
1494,0.0506,0.776,202480,0.741,0.0,7,0.0701,-5.804,1,0.041,120.079,4.0,0.845,0,Kissing Strangers,DNCE,4,Happy
1496,0.267,0.732,172751,0.629,0.0,0,0.118,-4.64,1,0.286,91.7,4.0,0.685,0,Overwhelming,Jon Bellion,4,Happy
1498,0.393,0.602,200187,0.707,0.0,11,0.165,-4.097,1,0.302,75.09,4.0,0.539,0,Human,Rag'n'Bone Man,4,Happy
1500,0.0913,0.769,203992,0.631,0.0,1,0.114,-6.769,1,0.0568,100.968,4.0,0.501,0,History,Olivia Holt,4,Happy
1577,0.577,0.848,261933,0.465,0.0543,1,0.101,-9.029,0,0.0524,94.02,4.0,0.622,0,Moving On and Getting Over,John Mayer,4,Happy
1578,0.144,0.736,185588,0.616,2.29e-06,4,0.268,-8.016,1,0.0345,101.966,4.0,0.89,0,Safe,Bay Ledges,4,Happy
1579,0.652,0.865,246610,0.548,0.0161,10,0.113,-7.379,0,0.192,109.989,4.0,0.879,0,Second Nature,Stalking Gia,4,Happy
1580,0.311,0.677,236786,0.738,0.000144,6,0.138,-6.287,1,0.0467,98.963,4.0,0.561,0,The Best Crew,Tep No,4,Happy
1581,0.273,0.784,266455,0.587,0.0107,9,0.356,-6.361,1,0.0422,107.999,4.0,0.85,0,Hideout,Parcels,4,Happy
1583,0.826,0.876,51547,0.301,0.0,0,0.419,-7.866,1,0.0436,69.009,4.0,0.932,0,Peas Pudding Hot,The Kids Band,4,Happy
1586,0.0336,0.89,129187,0.891,0.0,2,0.097,-5.542,1,0.0483,119.993,4.0,0.947,0,My Favorite Snack,Imagination Movers,4,Happy
1590,0.461,0.873,127227,0.511,1.22e-06,2,0.0655,-12.303,1,0.0368,127.93,4.0,0.972,0,Jelly On A Plate,The Kids Band,4,Happy
1591,0.741,0.941,47547,0.256,1.06e-05,1,0.0841,-11.478,1,0.108,110.082,4.0,0.545,0,Little Green Apple,Tumble Tots,4,Happy
1592,0.809,0.802,156373,0.288,0.0,7,0.0745,-11.372,1,0.129,119.882,4.0,0.722,0,Always Chew Your Food,Trout Fishing in America,4,Happy
1593,0.278,0.693,87705,0.578,1.52e-06,0,0.121,-11.129,1,0.18,78.158,4.0,0.851,0,"Icy, Creamy Ice Cream",Barney,4,Happy
1620,0.00689,0.798,194000,0.809,0.0765,1,0.0998,-5.898,0,0.063,120.044,4.0,0.766,0,Icarus - Black Caviar Remix,R3hab,4,Happy
1664,0.0294,0.591,228347,0.649,0.0,3,0.133,-6.72,1,0.0417,90.002,4.0,0.482,0,Fireflies,Owl City,4,Happy
1669,0.0359,0.761,219120,0.639,0.0,5,0.0945,-7.577,0,0.0539,164.088,4.0,0.933,0,You Make Me Wanna...,Usher,4,Happy
1670,0.157,0.715,277320,0.721,1.75e-06,8,0.309,-5.622,0,0.0541,86.26,4.0,0.814,0,Can't You See,Total,4,Happy
1671,0.27,0.67,254147,0.348,0.0,0,0.104,-12.229,1,0.138,113.306,5.0,0.81,0,Lost Without U,Robin Thicke,4,Happy
1673,0.114,0.858,290836,0.697,0.0,2,0.224,-5.361,1,0.23,98.012,4.0,0.365,0,$ave Dat Money (feat. Fetty Wap & Rich Homie Quan),Lil Dicky,4,Happy
1675,0.0583,0.688,230493,0.835,2.87e-06,8,0.0795,-4.162,1,0.0911,84.858,4.0,0.879,0,Remember The Name (feat. Styles Of Beyond),Fort Minor,4,Happy
1692,0.122,0.7,234308,0.714,0.0,9,0.0428,-6.295,0,0.104,99.909,4.0,0.482,0,Cold,Maroon 5,4,Happy
1693,0.119,0.64,220781,0.533,0.0,0,0.0864,-6.596,1,0.0706,99.968,4.0,0.5,0,It Ain't Me (with Selena Gomez),Kygo,4,Happy
1695,0.0109,0.599,212013,0.677,8.04e-06,0,0.0612,-4.722,0,0.035,81.021,4.0,0.458,0,Crush,David Archuleta,4,Happy
1703,0.292,0.862,150707,0.351,0.0,9,0.105,-11.793,1,0.0439,124.964,4.0,0.504,0,Valentine,Kina Grannis,4,Happy
1704,0.436,0.696,157187,0.439,0.0,7,0.353,-9.438,1,0.07,135.925,4.0,0.686,0,The One You Say Goodnight To,Kina Grannis,4,Happy
1715,0.178,0.644,200613,0.842,0.0,8,0.0796,-4.787,1,0.0429,99.05,4.0,0.852,0,Popular Song,MIKA,4,Happy
1719,0.000479,0.695,218187,0.579,0.0,0,0.0556,-5.066,1,0.0325,88.957,4.0,0.731,0,Bring It All to Me,Blaque,4,Happy
1720,0.0117,0.85,258113,0.398,0.0,7,0.263,-9.816,1,0.0534,99.717,4.0,0.717,0,Too Close,Next,4,Happy
1721,0.0453,0.841,278467,0.552,0.00154,7,0.0533,-10.345,1,0.0498,99.018,4.0,0.596,0,I'm So Into You,SWV,4,Happy
1722,0.409,0.618,291880,0.688,6.32e-06,5,0.3,-5.867,0,0.0477,78.311,4.0,0.561,0,Don't Let Go (Love),En Vogue,4,Happy
1724,0.067,0.829,243159,0.652,0.0,7,0.0812,-8.693,0,0.108,99.581,4.0,0.717,0,Wifey,Next,4,Happy
1726,0.267,0.809,275080,0.522,1.97e-05,10,0.0729,-8.747,0,0.0821,99.001,4.0,0.879,0,Get It On Tonite,Montell Jordan,4,Happy
1731,0.0788,0.873,301200,0.591,0.0071,7,0.104,-8.942,1,0.102,123.091,4.0,0.49,0,Together Again,Janet Jackson,4,Happy
1741,0.16,0.773,211907,0.801,0.0,0,0.111,-5.562,1,0.0281,98.205,4.0,0.8,0,As Long as You Love Me,Backstreet Boys,4,Happy
1744,0.0563,0.729,274827,0.561,0.0,1,0.0657,-7.162,1,0.028,95.981,4.0,0.395,0,All I Have to Give,Backstreet Boys,4,Happy
1746,0.24,0.683,213027,0.687,0.0,6,0.131,-5.833,0,0.0274,99.035,4.0,0.486,0,I Want It That Way,Backstreet Boys,4,Happy
1749,0.0522,0.862,301520,0.479,0.00126,7,0.589,-9.199,1,0.0646,109.878,4.0,0.919,0,I'll Be Missing You (feat. 112),Diddy,4,Happy
1750,0.397,0.66,268800,0.707,0.0,6,0.211,-5.758,1,0.208,89.279,4.0,0.779,0,I Need A Girl (Part One) (feat. Usher & Loon),Diddy,4,Happy
1751,0.31,0.596,232573,0.661,0.0,5,0.0847,-6.239,0,0.226,129.491,5.0,0.864,0,Where the Party At,Jagged Edge,4,Happy
1753,0.00819,0.651,232227,0.645,0.0,1,0.0919,-6.741,1,0.223,96.394,4.0,0.668,0,Stay,Ne-Yo,4,Happy
1754,0.273,0.699,207187,0.592,0.0,6,0.202,-8.298,1,0.262,94.933,4.0,0.587,0,So Sick,Ne-Yo,4,Happy
1755,0.304,0.654,222000,0.564,0.0,6,0.107,-7.186,1,0.235,86.948,4.0,0.458,0,When You're Mad,Ne-Yo,4,Happy
1756,0.265,0.622,220853,0.503,0.000473,8,0.0596,-6.417,1,0.0433,93.984,4.0,0.6,0,Sexy Love,Ne-Yo,4,Happy
1758,0.0786,0.779,254067,0.711,2.4e-05,0,0.373,-4.054,1,0.144,96.472,4.0,0.857,0,Take Me There - Remix,Blackstreet,4,Happy
1760,0.0565,0.78,236827,0.69,8.19e-05,1,0.0716,-4.958,0,0.0445,98.002,4.0,0.327,0,Case Of The Ex (Whatcha Gonna Do),Mýa,4,Happy
1761,0.207,0.833,209490,0.677,3.92e-06,4,0.286,-6.413,1,0.103,132.876,4.0,0.731,0,My Love Is Like...Wo - Main Mix/Album Version,Mýa,4,Happy
1764,0.0862,0.621,230733,0.579,0.0,9,0.0827,-8.574,1,0.221,82.897,4.0,0.415,0,Two Wrongs,Wyclef Jean,4,Happy
1769,0.0227,0.816,247840,0.5,1.53e-06,1,0.0733,-4.551,1,0.03,124.037,4.0,0.654,0,U Got It Bad,Usher,4,Happy
1770,0.257,0.662,223440,0.507,0.0,5,0.0465,-8.238,1,0.118,86.412,4.0,0.652,0,My Boo,Usher,4,Happy
1771,0.466,0.635,244160,0.54,0.0,7,0.0524,-8.122,1,0.0246,99.99,4.0,0.586,0,Don't Love You No More (I'm Sorry),Craig David,4,Happy
1772,0.163,0.622,249093,0.593,0.0,7,0.0979,-8.352,0,0.0916,94.364,4.0,0.595,0,Let Me Love You,Mario,4,Happy
1775,0.00543,0.771,230200,0.685,0.00157,1,0.0537,-4.639,1,0.0567,88.997,4.0,0.683,0,"Jumpin', Jumpin'",Destiny's Child,4,Happy
1776,0.362,0.73,221133,0.602,3.69e-06,6,0.169,-3.782,0,0.206,97.954,4.0,0.932,0,"Independent Women, Pt. I",Destiny's Child,4,Happy
1777,0.139,0.845,256027,0.576,0.0,11,0.0764,-5.15,0,0.153,127.641,4.0,0.455,0,"Bills, Bills, Bills",Destiny's Child,4,Happy
1778,0.102,0.721,263440,0.723,4.4e-06,2,0.0651,-7.08,0,0.0631,88.933,4.0,0.769,0,No More (Baby I'ma Do Right),3LW,4,Happy
1784,0.789,0.764,224987,0.348,0.0,9,0.0997,-7.98,1,0.0643,119.651,4.0,0.773,0,Simple Love Song,Anuhea,4,Happy
1792,0.126,0.758,222733,0.699,0.0,0,0.0643,-4.217,1,0.051,95.011,4.0,0.724,0,Put Your Arms Around Me,Natasha Bedingfield,4,Happy
1793,0.0269,0.704,196853,0.604,0.0,1,0.0835,-4.865,1,0.0308,115.48,4.0,0.486,0,Try Everything,Shakira,4,Happy
1794,0.39,0.712,181880,0.62,0.0,4,0.0994,-4.187,1,0.0888,99.953,4.0,0.519,0,Starving,Hailee Steinfeld,4,Happy
1803,0.19,0.776,239880,0.507,0.0,9,0.12,-5.752,0,0.0405,98.051,4.0,0.51,0,Secret Love,JoJo,4,Happy
1804,0.122,0.498,197847,0.586,0.0,6,0.106,-5.936,1,0.31,81.945,4.0,0.489,0,Dear No One,Tori Kelly,4,Happy
1810,0.211,0.627,245200,0.669,2.72e-06,0,0.111,-9.985,1,0.0412,94.029,4.0,0.5,0,You Gotta Be,Des'ree,4,Happy
1813,0.00397,0.763,187960,0.569,7.85e-05,6,0.0755,-5.585,1,0.0401,122.988,4.0,0.751,0,"Wildside - From ""Adventures in Babysitting""",Sofia Carson,4,Happy
1815,0.4,0.679,266867,0.657,0.0,5,0.0497,-9.897,1,0.0255,97.8,4.0,0.558,0,Hold On,Wilson Phillips,4,Happy
1827,0.0236,0.92,293827,0.654,0.0158,11,0.0359,-3.051,0,0.0401,117.046,4.0,0.856,0,Billie Jean,Michael Jackson,4,Happy
1831,0.43,0.794,319307,0.798,1.15e-05,8,0.114,-5.639,1,0.0366,100.338,4.0,0.268,0,Man In The Mirror,Michael Jackson,4,Happy
1832,0.23,0.888,238733,0.815,0.000424,11,0.127,-4.909,0,0.0404,127.273,4.0,0.96,0,P.Y.T. (Pretty Young Thing),Michael Jackson,4,Happy
1835,0.143,0.658,252053,0.696,0.0,3,0.131,-4.293,1,0.0707,85.998,4.0,0.655,0,With You,Chris Brown,4,Happy
1840,0.106,0.677,152333,0.437,0.0,4,0.0897,-7.413,1,0.0322,108.054,4.0,0.455,0,"When Will My Life Begin - From ""Tangled""/Soundtrack Version",Mandy Moore,4,Happy
1843,0.197,0.794,281773,0.891,9.04e-05,1,0.136,-6.918,1,0.0439,104.315,4.0,0.813,0,Ain't Nobody,Chaka Khan,4,Happy
1848,0.0117,0.852,267440,0.563,1.96e-05,10,0.119,-8.663,0,0.0377,92.112,4.0,0.887,0,You're Makin' Me High,Toni Braxton,4,Happy
1849,0.371,0.814,268040,0.431,0.0,8,0.335,-9.125,1,0.0936,129.957,4.0,0.546,0,My Little Secret,Xscape,4,Happy
1857,0.524,0.849,203720,0.531,0.0,7,0.0693,-5.534,1,0.258,91.927,4.0,0.771,0,Yesterday,Atmosphere,4,Happy
1866,0.395,0.644,195107,0.523,0.0,4,0.093,-7.66,1,0.0378,95.966,4.0,0.453,0,I Know,Sammy Brue,4,Happy
1879,0.00162,0.543,256733,0.912,2.1e-06,7,0.0565,-10.71,1,0.0601,103.731,4.0,0.83,0,Two Princes,Spin Doctors,4,Happy
1882,0.000372,0.615,185093,0.657,0.0204,7,0.132,-6.873,1,0.029,109.95,4.0,0.78,0,Good,Better Than Ezra,4,Happy
1887,0.0108,0.743,243333,0.67,0.0702,1,0.22,-4.547,0,0.0293,110.832,4.0,0.934,0,Someday - Remastered,Sugar Ray,4,Happy
1895,0.219,0.701,144333,0.261,0.0,0,0.0821,-19.846,1,0.0938,97.042,4.0,0.895,0,Blister in the Sun - 2002 Remastered Version,Violent Femmes,4,Happy
1900,0.35,0.926,199853,0.916,6.17e-06,10,0.0234,-2.221,0,0.0929,110.007,4.0,0.903,0,Hollaback Girl,Gwen Stefani,4,Happy
1901,0.0584,0.967,242733,0.583,0.0,7,0.0519,-5.562,0,0.0789,117.0,4.0,0.965,0,SexyBack,Justin Timberlake,4,Happy
1905,0.139,0.671,243493,0.727,0.0,7,0.123,-7.585,1,0.035,102.358,4.0,0.82,0,Fantasy,Mariah Carey,4,Happy
1906,0.0251,0.743,214400,0.675,0.000717,8,0.0685,-4.267,0,0.0953,92.909,4.0,0.604,0,No Scrubs,TLC,4,Happy
1909,0.101,0.768,173027,0.864,0.0,11,0.162,-6.145,1,0.0324,110.008,4.0,0.876,0,Wannabe - Radio Edit,Spice Girls,4,Happy
1911,0.313,0.593,239440,0.642,0.000582,2,0.0804,-7.284,1,0.0299,76.403,4.0,0.755,0,I Try,Macy Gray,4,Happy
1921,0.0863,0.675,239933,0.553,7.58e-06,7,0.118,-7.775,1,0.0486,90.02,4.0,0.57,0,Meet Virginia,Train,4,Happy
1922,0.363,0.622,195467,0.692,0.000158,7,0.193,-6.97,1,0.0276,112.053,4.0,0.758,0,Last Kiss,Pearl Jam,4,Happy
1923,0.000501,0.749,195107,0.745,0.00403,2,0.333,-10.625,1,0.164,101.972,4.0,0.461,0,Jump,Kris Kross,4,Happy
1928,0.00542,0.875,272080,0.631,2.54e-06,1,0.127,-3.475,1,0.099,120.002,4.0,0.552,0,Don't Cha,The Pussycat Dolls,4,Happy
1930,0.101,0.835,272533,0.687,0.0,5,0.132,-3.18,1,0.184,94.059,4.0,0.826,0,Where Is The Love?,The Black Eyed Peas,4,Happy
1931,0.0446,0.853,267080,0.676,3.37e-05,6,0.0514,-5.533,0,0.0715,122.65,4.0,0.558,0,Don't Stop The Music,Rihanna,4,Happy
1934,0.265,0.793,197027,0.832,6.84e-06,1,0.207,-4.861,0,0.0405,107.647,4.0,0.859,0,"Whenever, Wherever",Shakira,4,Happy
1935,0.12,0.851,237200,0.806,1.39e-06,4,0.122,-4.618,1,0.0788,119.002,4.0,0.769,0,Poker Face,Lady Gaga,4,Happy
1938,0.121,0.81,226333,0.885,3.39e-06,1,0.191,-10.116,0,0.0659,107.024,4.0,0.853,0,Because We Want To,Billie Piper,4,Happy
1941,0.0561,0.766,204960,0.725,0.0,9,0.0942,-6.36,1,0.0294,121.797,4.0,0.964,0,Achy Breaky Heart,Billy Ray Cyrus,4,Happy
1942,0.00733,0.845,187840,0.768,5.04e-06,6,0.0575,-5.448,1,0.188,100.0,4.0,0.954,0,Jenny from the Block - Track Masters Remix,Jennifer Lopez,4,Happy
1946,0.284,0.672,212288,0.709,0.000608,1,0.083,-7.884,1,0.0232,98.972,4.0,0.652,0,Anyone Can Fall In Love,Anita Dobson,4,Happy
1951,0.267,0.563,315787,0.847,0.0,0,0.243,-6.19,1,0.325,82.757,4.0,0.81,0,Can I Touch You...There?,Michael Bolton,4,Happy
1952,0.25,0.764,205507,0.811,0.000112,1,0.198,-5.245,1,0.0323,95.024,4.0,0.967,0,Lucky,Britney Spears,4,Happy
1954,0.422,0.927,249382,0.721,4.36e-05,8,0.0422,-12.561,1,0.0908,103.018,4.0,0.966,0,Macarena,Los Del Rio,4,Happy
1955,0.16,0.85,234827,0.623,0.523,5,0.0395,-12.256,0,0.034,119.891,4.0,0.963,0,Boys,Sabrina,4,Happy
1956,0.441,0.762,193160,0.705,0.0,4,0.118,-5.082,1,0.0991,119.439,4.0,0.776,0,Shaddap You Face,Joe Dolce,4,Happy
1957,0.0336,0.959,268840,0.545,0.0,7,0.15,-14.855,1,0.0623,115.266,4.0,0.733,0,Ice Ice Baby,Vanilla Ice,4,Happy
1958,0.154,0.664,222029,0.679,0.000307,9,0.0694,-9.08,0,0.0298,104.851,4.0,0.728,0,Touch Me (I Want Your Body),Samantha Fox,4,Happy
1966,0.483,0.687,152400,0.724,0.0,7,0.057,-4.206,1,0.069,139.705,4.0,0.974,0,"To Roz Bikini (Itsy, Bitsy, Teenie, Weenie)",Polina,4,Happy
1967,0.00141,0.895,179000,0.883,0.000383,7,0.274,-8.919,1,0.216,131.644,4.0,0.893,0,Hoochie Mama,2 LIVE CREW,4,Happy
1971,0.141,0.615,203067,0.403,0.0,0,0.0706,-17.264,1,0.102,80.171,4.0,0.707,0,Fog On the Tyne,Lindisfarne,4,Happy
1983,0.626,0.682,224000,0.518,0.43,8,0.0552,-10.089,1,0.227,118.539,4.0,0.963,0,Sah,Al Massrieen,4,Happy
1984,0.119,0.904,217587,0.517,0.0147,7,0.176,-7.287,0,0.0598,96.999,4.0,0.722,0,Oh Devil,Electric Guest,4,Happy
1994,0.51,0.63,240000,0.772,2.26e-05,1,0.0881,-6.986,1,0.0297,99.964,4.0,0.714,0,Aquaman,WALK THE MOON,4,Happy
2008,0.0541,0.646,160408,0.714,0.0,0,0.134,-6.511,1,0.0378,97.957,4.0,0.589,0,"Call On Me - EDWYNN X TIKAL, Spirix Remix",Starley,4,Happy
2013,0.0877,0.894,182182,0.892,0.00167,1,0.0528,-2.663,1,0.131,110.041,4.0,0.867,0,Candy,Dillon Francis,4,Happy
